{"name":"teste","email":"test@test.com","message":"test","newsletter":"off","date":"2020-04-01 00:20:00"},{"name":"fernando 1","email":"felipe@fcerutti.com.br","message":"12331312","newsletter":"on","date":"2020-04-02 22:16:37"},{"name":"fernando 2","email":"felipe@fcerutti.com.br","message":"12331312","newsletter":"on","date":"2020-04-02 22:16:41"},{"name":"fernando 3","email":"felipe@fcerutti.com.br","message":"12331312","newsletter":"on","date":"2020-04-02 22:16:44"},{"name":"fernando 5","email":"felipe@fcerutti.com.br","message":"12331312","newsletter":"on","date":"2020-04-02 22:42:46"},{"name":"Giovana Vieira","email":"giovana@hotscool.com","message":"tehdiuewhuwdhwew","newsletter":"on","date":"2020-04-03 09:58:45"},{"name":"Giovana Vieira","email":"giovana@hotscool.com","message":"tehdiuewhuwdhwew","newsletter":"on","date":"2020-04-03 09:59:49"},{"name":"Giovana Vieira 4","email":"giovana@hotscool.com","message":"tehdiuewhuwdhwew","newsletter":"on","date":"2020-04-03 10:00:15"},{"name":"fernando 5","email":"felipe@fcerutti.com.br","message":"12331312","newsletter":"on","date":"2020-04-03 10:11:13"},{"name":"fernando 5","email":"felipe@fcerutti.com.br","message":"12331312","newsletter":"on","date":"2020-04-03 10:11:41"},{"name":"fernando 5","email":"felipe@fcerutti.com.br","message":"12331312","newsletter":"on","date":"2020-04-03 10:11:52"}