<?xml version="1.0" encoding="UTF-8"?>
<project-private xmlns="http://www.netbeans.org/ns/project-private/1">
    <editor-bookmarks xmlns="http://www.netbeans.org/ns/editor-bookmarks/2" lastBookmarkId="0"/>
    <open-files xmlns="http://www.netbeans.org/ns/projectui-open-files/2">
        <group>
            <file>file:/Users/felipe/Dropbox/Sites/node/inquiry/views/index.pug</file>
            <file>file:/Users/felipe/Dropbox/Sites/node/inquiry/routes/index.js</file>
            <file>file:/Users/felipe/Dropbox/Sites/node/inquiry/routes/register.js</file>
            <file>file:/Users/felipe/Dropbox/Sites/node/inquiry/app.js</file>
        </group>
    </open-files>
</project-private>
